-- phpMyAdmin SQL Dump
-- version 5.2.1
-- https://www.phpmyadmin.net/
--
-- Host: 127.0.0.1
-- Generation Time: Jun 03, 2025 at 06:47 PM
-- Server version: 10.4.32-MariaDB
-- PHP Version: 8.2.12

SET SQL_MODE = "NO_AUTO_VALUE_ON_ZERO";
START TRANSACTION;
SET time_zone = "+00:00";


/*!40101 SET @OLD_CHARACTER_SET_CLIENT=@@CHARACTER_SET_CLIENT */;
/*!40101 SET @OLD_CHARACTER_SET_RESULTS=@@CHARACTER_SET_RESULTS */;
/*!40101 SET @OLD_COLLATION_CONNECTION=@@COLLATION_CONNECTION */;
/*!40101 SET NAMES utf8mb4 */;

--
-- Database: `students`
--

-- --------------------------------------------------------

--
-- Table structure for table `posts`
--

CREATE TABLE `posts` (
  `id` int(11) NOT NULL,
  `user_id` int(11) NOT NULL,
  `title` varchar(255) NOT NULL,
  `body` text DEFAULT NULL,
  `created_at` datetime DEFAULT current_timestamp(),
  `updated_at` datetime DEFAULT current_timestamp() ON UPDATE current_timestamp()
) ENGINE=InnoDB DEFAULT CHARSET=utf8mb4 COLLATE=utf8mb4_general_ci;

--
-- Dumping data for table `posts`
--

INSERT INTO `posts` (`id`, `user_id`, `title`, `body`, `created_at`, `updated_at`) VALUES
(1, 1, 'عنوان پست شماره 1 از amirhosseinasadi', 'محتوای پست شماره 1 از amirhosseinasadi', '2025-06-01 12:54:03', '2025-06-01 12:54:03'),
(2, 1, 'عنوان پست شماره 2 از amirhosseinasadi', 'محتوای پست شماره 2 از amirhosseinasadi', '2025-06-01 12:54:03', '2025-06-01 12:54:03'),
(3, 1, 'عنوان پست شماره 3 از amirhosseinasadi', 'محتوای پست شماره 3 از amirhosseinasadi', '2025-06-01 12:54:03', '2025-06-01 12:54:03'),
(4, 1, 'عنوان پست شماره 4 از amirhosseinasadi', 'محتوای پست شماره 4 از amirhosseinasadi', '2025-06-01 12:54:03', '2025-06-01 12:54:03'),
(5, 1, 'عنوان پست شماره 5 از amirhosseinasadi', 'محتوای پست شماره 5 از amirhosseinasadi', '2025-06-01 12:54:03', '2025-06-01 12:54:03'),
(6, 1, 'عنوان پست شماره 6 از amirhosseinasadi', 'محتوای پست شماره 6 از amirhosseinasadi', '2025-06-01 12:54:03', '2025-06-01 12:54:03'),
(7, 1, 'عنوان پست شماره 7 از amirhosseinasadi', 'محتوای پست شماره 7 از amirhosseinasadi', '2025-06-01 12:54:03', '2025-06-01 12:54:03'),
(8, 2, 'عنوان پست شماره 1 از AbbasEsmaili', 'محتوای پست شماره 1 از AbbasEsmaili', '2025-06-01 12:54:03', '2025-06-01 12:54:03'),
(9, 2, 'عنوان پست شماره 2 از AbbasEsmaili', 'محتوای پست شماره 2 از AbbasEsmaili', '2025-06-01 12:54:03', '2025-06-01 12:54:03'),
(10, 2, 'عنوان پست شماره 3 از AbbasEsmaili', 'محتوای پست شماره 3 از AbbasEsmaili', '2025-06-01 12:54:03', '2025-06-01 12:54:03'),
(11, 2, 'عنوان پست شماره 4 از AbbasEsmaili', 'محتوای پست شماره 4 از AbbasEsmaili', '2025-06-01 12:54:03', '2025-06-01 12:54:03'),
(12, 2, 'عنوان پست شماره 5 از AbbasEsmaili', 'محتوای پست شماره 5 از AbbasEsmaili', '2025-06-01 12:54:03', '2025-06-01 12:54:03'),
(13, 3, 'عنوان پست شماره 1 از ali babakordi', 'محتوای پست شماره 1 از ali babakordi', '2025-06-01 12:54:04', '2025-06-01 12:54:04'),
(14, 3, 'عنوان پست شماره 2 از ali babakordi', 'محتوای پست شماره 2 از ali babakordi', '2025-06-01 12:54:04', '2025-06-01 12:54:04'),
(15, 3, 'عنوان پست شماره 3 از ali babakordi', 'محتوای پست شماره 3 از ali babakordi', '2025-06-01 12:54:04', '2025-06-01 12:54:04'),
(16, 3, 'عنوان پست شماره 4 از ali babakordi', 'محتوای پست شماره 4 از ali babakordi', '2025-06-01 12:54:04', '2025-06-01 12:54:04'),
(17, 3, 'عنوان پست شماره 5 از ali babakordi', 'محتوای پست شماره 5 از ali babakordi', '2025-06-01 12:54:04', '2025-06-01 12:54:04'),
(18, 3, 'عنوان پست شماره 6 از ali babakordi', 'محتوای پست شماره 6 از ali babakordi', '2025-06-01 12:54:04', '2025-06-01 12:54:04'),
(19, 3, 'عنوان پست شماره 7 از ali babakordi', 'محتوای پست شماره 7 از ali babakordi', '2025-06-01 12:54:04', '2025-06-01 12:54:04'),
(20, 4, 'عنوان پست شماره 1 از Fatemeh Binesh', 'محتوای پست شماره 1 از Fatemeh Binesh', '2025-06-01 12:54:04', '2025-06-01 12:54:04'),
(21, 4, 'عنوان پست شماره 2 از Fatemeh Binesh', 'محتوای پست شماره 2 از Fatemeh Binesh', '2025-06-01 12:54:04', '2025-06-01 12:54:04'),
(22, 4, 'عنوان پست شماره 3 از Fatemeh Binesh', 'محتوای پست شماره 3 از Fatemeh Binesh', '2025-06-01 12:54:04', '2025-06-01 12:54:04'),
(23, 4, 'عنوان پست شماره 4 از Fatemeh Binesh', 'محتوای پست شماره 4 از Fatemeh Binesh', '2025-06-01 12:54:04', '2025-06-01 12:54:04'),
(24, 4, 'عنوان پست شماره 5 از Fatemeh Binesh', 'محتوای پست شماره 5 از Fatemeh Binesh', '2025-06-01 12:54:04', '2025-06-01 12:54:04'),
(25, 4, 'عنوان پست شماره 6 از Fatemeh Binesh', 'محتوای پست شماره 6 از Fatemeh Binesh', '2025-06-01 12:54:04', '2025-06-01 12:54:04'),
(26, 4, 'عنوان پست شماره 7 از Fatemeh Binesh', 'محتوای پست شماره 7 از Fatemeh Binesh', '2025-06-01 12:54:04', '2025-06-01 12:54:04'),
(27, 5, 'عنوان پست شماره 1 از Ali Daneshmand', 'محتوای پست شماره 1 از Ali Daneshmand', '2025-06-01 12:54:04', '2025-06-01 12:54:04'),
(28, 5, 'عنوان پست شماره 2 از Ali Daneshmand', 'محتوای پست شماره 2 از Ali Daneshmand', '2025-06-01 12:54:04', '2025-06-01 12:54:04'),
(29, 5, 'عنوان پست شماره 3 از Ali Daneshmand', 'محتوای پست شماره 3 از Ali Daneshmand', '2025-06-01 12:54:04', '2025-06-01 12:54:04'),
(30, 5, 'عنوان پست شماره 4 از Ali Daneshmand', 'محتوای پست شماره 4 از Ali Daneshmand', '2025-06-01 12:54:04', '2025-06-01 12:54:04'),
(31, 5, 'عنوان پست شماره 5 از Ali Daneshmand', 'محتوای پست شماره 5 از Ali Daneshmand', '2025-06-01 12:54:04', '2025-06-01 12:54:04'),
(32, 5, 'عنوان پست شماره 6 از Ali Daneshmand', 'محتوای پست شماره 6 از Ali Daneshmand', '2025-06-01 12:54:04', '2025-06-01 12:54:04'),
(33, 6, 'عنوان پست شماره 1 از Mobina Amini', 'محتوای پست شماره 1 از Mobina Amini', '2025-06-01 12:54:04', '2025-06-01 12:54:04'),
(34, 6, 'عنوان پست شماره 2 از Mobina Amini', 'محتوای پست شماره 2 از Mobina Amini', '2025-06-01 12:54:04', '2025-06-01 12:54:04'),
(35, 6, 'عنوان پست شماره 3 از Mobina Amini', 'محتوای پست شماره 3 از Mobina Amini', '2025-06-01 12:54:04', '2025-06-01 12:54:04'),
(36, 6, 'عنوان پست شماره 4 از Mobina Amini', 'محتوای پست شماره 4 از Mobina Amini', '2025-06-01 12:54:04', '2025-06-01 12:54:04'),
(37, 6, 'عنوان پست شماره 5 از Mobina Amini', 'محتوای پست شماره 5 از Mobina Amini', '2025-06-01 12:54:04', '2025-06-01 12:54:04'),
(38, 7, 'عنوان پست شماره 1 از Mobina Fallah', 'محتوای پست شماره 1 از Mobina Fallah', '2025-06-01 12:54:04', '2025-06-01 12:54:04'),
(39, 7, 'عنوان پست شماره 2 از Mobina Fallah', 'محتوای پست شماره 2 از Mobina Fallah', '2025-06-01 12:54:04', '2025-06-01 12:54:04'),
(40, 7, 'عنوان پست شماره 3 از Mobina Fallah', 'محتوای پست شماره 3 از Mobina Fallah', '2025-06-01 12:54:04', '2025-06-01 12:54:04'),
(41, 7, 'عنوان پست شماره 4 از Mobina Fallah', 'محتوای پست شماره 4 از Mobina Fallah', '2025-06-01 12:54:04', '2025-06-01 12:54:04'),
(42, 7, 'عنوان پست شماره 5 از Mobina Fallah', 'محتوای پست شماره 5 از Mobina Fallah', '2025-06-01 12:54:04', '2025-06-01 12:54:04'),
(43, 7, 'عنوان پست شماره 6 از Mobina Fallah', 'محتوای پست شماره 6 از Mobina Fallah', '2025-06-01 12:54:04', '2025-06-01 12:54:04'),
(44, 7, 'عنوان پست شماره 7 از Mobina Fallah', 'محتوای پست شماره 7 از Mobina Fallah', '2025-06-01 12:54:04', '2025-06-01 12:54:04'),
(45, 8, 'عنوان پست شماره 1 از Mobina mahdavi', 'محتوای پست شماره 1 از Mobina mahdavi', '2025-06-01 12:54:05', '2025-06-01 12:54:05'),
(46, 8, 'عنوان پست شماره 2 از Mobina mahdavi', 'محتوای پست شماره 2 از Mobina mahdavi', '2025-06-01 12:54:05', '2025-06-01 12:54:05'),
(47, 8, 'عنوان پست شماره 3 از Mobina mahdavi', 'محتوای پست شماره 3 از Mobina mahdavi', '2025-06-01 12:54:05', '2025-06-01 12:54:05'),
(48, 8, 'عنوان پست شماره 4 از Mobina mahdavi', 'محتوای پست شماره 4 از Mobina mahdavi', '2025-06-01 12:54:05', '2025-06-01 12:54:05'),
(49, 8, 'عنوان پست شماره 5 از Mobina mahdavi', 'محتوای پست شماره 5 از Mobina mahdavi', '2025-06-01 12:54:05', '2025-06-01 12:54:05'),
(50, 9, 'عنوان پست شماره 1 از Matineh Mousavi', 'محتوای پست شماره 1 از Matineh Mousavi', '2025-06-01 12:54:05', '2025-06-01 12:54:05'),
(51, 9, 'عنوان پست شماره 2 از Matineh Mousavi', 'محتوای پست شماره 2 از Matineh Mousavi', '2025-06-01 12:54:05', '2025-06-01 12:54:05'),
(52, 9, 'عنوان پست شماره 3 از Matineh Mousavi', 'محتوای پست شماره 3 از Matineh Mousavi', '2025-06-01 12:54:05', '2025-06-01 12:54:05'),
(53, 9, 'عنوان پست شماره 4 از Matineh Mousavi', 'محتوای پست شماره 4 از Matineh Mousavi', '2025-06-01 12:54:05', '2025-06-01 12:54:05'),
(54, 9, 'عنوان پست شماره 5 از Matineh Mousavi', 'محتوای پست شماره 5 از Matineh Mousavi', '2025-06-01 12:54:05', '2025-06-01 12:54:05'),
(55, 9, 'عنوان پست شماره 6 از Matineh Mousavi', 'محتوای پست شماره 6 از Matineh Mousavi', '2025-06-01 12:54:05', '2025-06-01 12:54:05'),
(56, 9, 'عنوان پست شماره 7 از Matineh Mousavi', 'محتوای پست شماره 7 از Matineh Mousavi', '2025-06-01 12:54:05', '2025-06-01 12:54:05'),
(57, 10, 'عنوان پست شماره 1 از Mostafa Montazery', 'محتوای پست شماره 1 از Mostafa Montazery', '2025-06-01 12:54:05', '2025-06-01 12:54:05'),
(58, 10, 'عنوان پست شماره 2 از Mostafa Montazery', 'محتوای پست شماره 2 از Mostafa Montazery', '2025-06-01 12:54:05', '2025-06-01 12:54:05'),
(59, 10, 'عنوان پست شماره 3 از Mostafa Montazery', 'محتوای پست شماره 3 از Mostafa Montazery', '2025-06-01 12:54:05', '2025-06-01 12:54:05'),
(60, 10, 'عنوان پست شماره 4 از Mostafa Montazery', 'محتوای پست شماره 4 از Mostafa Montazery', '2025-06-01 12:54:05', '2025-06-01 12:54:05'),
(61, 10, 'عنوان پست شماره 5 از Mostafa Montazery', 'محتوای پست شماره 5 از Mostafa Montazery', '2025-06-01 12:54:05', '2025-06-01 12:54:05'),
(62, 10, 'عنوان پست شماره 6 از Mostafa Montazery', 'محتوای پست شماره 6 از Mostafa Montazery', '2025-06-01 12:54:05', '2025-06-01 12:54:05'),
(63, 10, 'عنوان پست شماره 7 از Mostafa Montazery', 'محتوای پست شماره 7 از Mostafa Montazery', '2025-06-01 12:54:05', '2025-06-01 12:54:05'),
(64, 11, 'عنوان پست شماره 1 از Danial Isaabadi', 'محتوای پست شماره 1 از Danial Isaabadi', '2025-06-01 12:54:05', '2025-06-01 12:54:05'),
(65, 11, 'عنوان پست شماره 2 از Danial Isaabadi', 'محتوای پست شماره 2 از Danial Isaabadi', '2025-06-01 12:54:05', '2025-06-01 12:54:05'),
(66, 11, 'عنوان پست شماره 3 از Danial Isaabadi', 'محتوای پست شماره 3 از Danial Isaabadi', '2025-06-01 12:54:05', '2025-06-01 12:54:05'),
(67, 11, 'عنوان پست شماره 4 از Danial Isaabadi', 'محتوای پست شماره 4 از Danial Isaabadi', '2025-06-01 12:54:05', '2025-06-01 12:54:05'),
(68, 11, 'عنوان پست شماره 5 از Danial Isaabadi', 'محتوای پست شماره 5 از Danial Isaabadi', '2025-06-01 12:54:05', '2025-06-01 12:54:05'),
(69, 11, 'عنوان پست شماره 6 از Danial Isaabadi', 'محتوای پست شماره 6 از Danial Isaabadi', '2025-06-01 12:54:05', '2025-06-01 12:54:05'),
(70, 11, 'عنوان پست شماره 7 از Danial Isaabadi', 'محتوای پست شماره 7 از Danial Isaabadi', '2025-06-01 12:54:05', '2025-06-01 12:54:05'),
(71, 12, 'عنوان پست شماره 1 از Amirhosein Tasharrofi', 'محتوای پست شماره 1 از Amirhosein Tasharrofi', '2025-06-01 12:54:05', '2025-06-01 12:54:05'),
(72, 12, 'عنوان پست شماره 2 از Amirhosein Tasharrofi', 'محتوای پست شماره 2 از Amirhosein Tasharrofi', '2025-06-01 12:54:05', '2025-06-01 12:54:05'),
(73, 12, 'عنوان پست شماره 3 از Amirhosein Tasharrofi', 'محتوای پست شماره 3 از Amirhosein Tasharrofi', '2025-06-01 12:54:05', '2025-06-01 12:54:05'),
(74, 12, 'عنوان پست شماره 4 از Amirhosein Tasharrofi', 'محتوای پست شماره 4 از Amirhosein Tasharrofi', '2025-06-01 12:54:05', '2025-06-01 12:54:05'),
(75, 12, 'عنوان پست شماره 5 از Amirhosein Tasharrofi', 'محتوای پست شماره 5 از Amirhosein Tasharrofi', '2025-06-01 12:54:05', '2025-06-01 12:54:05'),
(76, 12, 'عنوان پست شماره 6 از Amirhosein Tasharrofi', 'محتوای پست شماره 6 از Amirhosein Tasharrofi', '2025-06-01 12:54:05', '2025-06-01 12:54:05'),
(77, 12, 'عنوان پست شماره 7 از Amirhosein Tasharrofi', 'محتوای پست شماره 7 از Amirhosein Tasharrofi', '2025-06-01 12:54:05', '2025-06-01 12:54:05'),
(78, 13, 'عنوان پست شماره 1 از Masoud Taghipour', 'محتوای پست شماره 1 از Masoud Taghipour', '2025-06-01 12:54:05', '2025-06-01 12:54:05'),
(79, 13, 'عنوان پست شماره 2 از Masoud Taghipour', 'محتوای پست شماره 2 از Masoud Taghipour', '2025-06-01 12:54:05', '2025-06-01 12:54:05'),
(80, 13, 'عنوان پست شماره 3 از Masoud Taghipour', 'محتوای پست شماره 3 از Masoud Taghipour', '2025-06-01 12:54:05', '2025-06-01 12:54:05'),
(81, 13, 'عنوان پست شماره 4 از Masoud Taghipour', 'محتوای پست شماره 4 از Masoud Taghipour', '2025-06-01 12:54:05', '2025-06-01 12:54:05'),
(82, 13, 'عنوان پست شماره 5 از Masoud Taghipour', 'محتوای پست شماره 5 از Masoud Taghipour', '2025-06-01 12:54:05', '2025-06-01 12:54:05'),
(83, 14, 'عنوان پست شماره 1 از Fatemeh khajeh', 'محتوای پست شماره 1 از Fatemeh khajeh', '2025-06-01 12:54:06', '2025-06-01 12:54:06'),
(84, 14, 'عنوان پست شماره 2 از Fatemeh khajeh', 'محتوای پست شماره 2 از Fatemeh khajeh', '2025-06-01 12:54:06', '2025-06-01 12:54:06'),
(85, 14, 'عنوان پست شماره 3 از Fatemeh khajeh', 'محتوای پست شماره 3 از Fatemeh khajeh', '2025-06-01 12:54:06', '2025-06-01 12:54:06'),
(86, 14, 'عنوان پست شماره 4 از Fatemeh khajeh', 'محتوای پست شماره 4 از Fatemeh khajeh', '2025-06-01 12:54:06', '2025-06-01 12:54:06'),
(87, 14, 'عنوان پست شماره 5 از Fatemeh khajeh', 'محتوای پست شماره 5 از Fatemeh khajeh', '2025-06-01 12:54:06', '2025-06-01 12:54:06'),
(88, 15, 'عنوان پست شماره 1 از Sara Sarfi', 'محتوای پست شماره 1 از Sara Sarfi', '2025-06-01 12:54:06', '2025-06-01 12:54:06'),
(89, 15, 'عنوان پست شماره 2 از Sara Sarfi', 'محتوای پست شماره 2 از Sara Sarfi', '2025-06-01 12:54:06', '2025-06-01 12:54:06'),
(90, 15, 'عنوان پست شماره 3 از Sara Sarfi', 'محتوای پست شماره 3 از Sara Sarfi', '2025-06-01 12:54:06', '2025-06-01 12:54:06'),
(91, 15, 'عنوان پست شماره 4 از Sara Sarfi', 'محتوای پست شماره 4 از Sara Sarfi', '2025-06-01 12:54:06', '2025-06-01 12:54:06'),
(92, 15, 'عنوان پست شماره 5 از Sara Sarfi', 'محتوای پست شماره 5 از Sara Sarfi', '2025-06-01 12:54:06', '2025-06-01 12:54:06'),
(93, 15, 'عنوان پست شماره 6 از Sara Sarfi', 'محتوای پست شماره 6 از Sara Sarfi', '2025-06-01 12:54:06', '2025-06-01 12:54:06'),
(94, 16, 'عنوان پست شماره 1 از Sadjad Rezagholizadeh', 'محتوای پست شماره 1 از Sadjad Rezagholizadeh', '2025-06-01 12:54:06', '2025-06-01 12:54:06'),
(95, 16, 'عنوان پست شماره 2 از Sadjad Rezagholizadeh', 'محتوای پست شماره 2 از Sadjad Rezagholizadeh', '2025-06-01 12:54:06', '2025-06-01 12:54:06'),
(96, 16, 'عنوان پست شماره 3 از Sadjad Rezagholizadeh', 'محتوای پست شماره 3 از Sadjad Rezagholizadeh', '2025-06-01 12:54:06', '2025-06-01 12:54:06'),
(97, 16, 'عنوان پست شماره 4 از Sadjad Rezagholizadeh', 'محتوای پست شماره 4 از Sadjad Rezagholizadeh', '2025-06-01 12:54:06', '2025-06-01 12:54:06'),
(98, 16, 'عنوان پست شماره 5 از Sadjad Rezagholizadeh', 'محتوای پست شماره 5 از Sadjad Rezagholizadeh', '2025-06-01 12:54:06', '2025-06-01 12:54:06'),
(99, 16, 'عنوان پست شماره 6 از Sadjad Rezagholizadeh', 'محتوای پست شماره 6 از Sadjad Rezagholizadeh', '2025-06-01 12:54:06', '2025-06-01 12:54:06'),
(100, 16, 'عنوان پست شماره 7 از Sadjad Rezagholizadeh', 'محتوای پست شماره 7 از Sadjad Rezagholizadeh', '2025-06-01 12:54:06', '2025-06-01 12:54:06'),
(101, 17, 'عنوان پست شماره 1 از Ghazal Rezaei', 'محتوای پست شماره 1 از Ghazal Rezaei', '2025-06-01 12:54:06', '2025-06-01 12:54:06'),
(102, 17, 'عنوان پست شماره 2 از Ghazal Rezaei', 'محتوای پست شماره 2 از Ghazal Rezaei', '2025-06-01 12:54:06', '2025-06-01 12:54:06'),
(103, 17, 'عنوان پست شماره 3 از Ghazal Rezaei', 'محتوای پست شماره 3 از Ghazal Rezaei', '2025-06-01 12:54:06', '2025-06-01 12:54:06'),
(104, 17, 'عنوان پست شماره 4 از Ghazal Rezaei', 'محتوای پست شماره 4 از Ghazal Rezaei', '2025-06-01 12:54:06', '2025-06-01 12:54:06'),
(105, 17, 'عنوان پست شماره 5 از Ghazal Rezaei', 'محتوای پست شماره 5 از Ghazal Rezaei', '2025-06-01 12:54:06', '2025-06-01 12:54:06'),
(106, 17, 'عنوان پست شماره 6 از Ghazal Rezaei', 'محتوای پست شماره 6 از Ghazal Rezaei', '2025-06-01 12:54:06', '2025-06-01 12:54:06'),
(107, 17, 'عنوان پست شماره 7 از Ghazal Rezaei', 'محتوای پست شماره 7 از Ghazal Rezaei', '2025-06-01 12:54:06', '2025-06-01 12:54:06'),
(108, 18, 'عنوان پست شماره 1 از Shakila Shaker', 'محتوای پست شماره 1 از Shakila Shaker', '2025-06-01 12:54:06', '2025-06-01 12:54:06'),
(109, 18, 'عنوان پست شماره 2 از Shakila Shaker', 'محتوای پست شماره 2 از Shakila Shaker', '2025-06-01 12:54:06', '2025-06-01 12:54:06'),
(110, 18, 'عنوان پست شماره 3 از Shakila Shaker', 'محتوای پست شماره 3 از Shakila Shaker', '2025-06-01 12:54:06', '2025-06-01 12:54:06'),
(111, 18, 'عنوان پست شماره 4 از Shakila Shaker', 'محتوای پست شماره 4 از Shakila Shaker', '2025-06-01 12:54:06', '2025-06-01 12:54:06'),
(112, 18, 'عنوان پست شماره 5 از Shakila Shaker', 'محتوای پست شماره 5 از Shakila Shaker', '2025-06-01 12:54:06', '2025-06-01 12:54:06'),
(113, 18, 'عنوان پست شماره 6 از Shakila Shaker', 'محتوای پست شماره 6 از Shakila Shaker', '2025-06-01 12:54:06', '2025-06-01 12:54:06'),
(114, 19, 'عنوان پست شماره 1 از Shahed Shirazi', 'محتوای پست شماره 1 از Shahed Shirazi', '2025-06-01 12:54:06', '2025-06-01 12:54:06'),
(115, 19, 'عنوان پست شماره 2 از Shahed Shirazi', 'محتوای پست شماره 2 از Shahed Shirazi', '2025-06-01 12:54:06', '2025-06-01 12:54:06'),
(116, 19, 'عنوان پست شماره 3 از Shahed Shirazi', 'محتوای پست شماره 3 از Shahed Shirazi', '2025-06-01 12:54:06', '2025-06-01 12:54:06'),
(117, 19, 'عنوان پست شماره 4 از Shahed Shirazi', 'محتوای پست شماره 4 از Shahed Shirazi', '2025-06-01 12:54:06', '2025-06-01 12:54:06'),
(118, 19, 'عنوان پست شماره 5 از Shahed Shirazi', 'محتوای پست شماره 5 از Shahed Shirazi', '2025-06-01 12:54:06', '2025-06-01 12:54:06'),
(119, 19, 'عنوان پست شماره 6 از Shahed Shirazi', 'محتوای پست شماره 6 از Shahed Shirazi', '2025-06-01 12:54:06', '2025-06-01 12:54:06'),
(120, 19, 'عنوان پست شماره 7 از Shahed Shirazi', 'محتوای پست شماره 7 از Shahed Shirazi', '2025-06-01 12:54:06', '2025-06-01 12:54:06'),
(121, 20, 'عنوان پست شماره 1 از Aida Sadeghi', 'محتوای پست شماره 1 از Aida Sadeghi', '2025-06-01 12:54:07', '2025-06-01 12:54:07'),
(122, 20, 'عنوان پست شماره 2 از Aida Sadeghi', 'محتوای پست شماره 2 از Aida Sadeghi', '2025-06-01 12:54:07', '2025-06-01 12:54:07'),
(123, 20, 'عنوان پست شماره 3 از Aida Sadeghi', 'محتوای پست شماره 3 از Aida Sadeghi', '2025-06-01 12:54:07', '2025-06-01 12:54:07'),
(124, 20, 'عنوان پست شماره 4 از Aida Sadeghi', 'محتوای پست شماره 4 از Aida Sadeghi', '2025-06-01 12:54:07', '2025-06-01 12:54:07'),
(125, 20, 'عنوان پست شماره 5 از Aida Sadeghi', 'محتوای پست شماره 5 از Aida Sadeghi', '2025-06-01 12:54:07', '2025-06-01 12:54:07'),
(126, 20, 'عنوان پست شماره 6 از Aida Sadeghi', 'محتوای پست شماره 6 از Aida Sadeghi', '2025-06-01 12:54:07', '2025-06-01 12:54:07'),
(127, 21, 'عنوان پست شماره 1 از taha sadeghi', 'محتوای پست شماره 1 از taha sadeghi', '2025-06-01 12:54:07', '2025-06-01 12:54:07'),
(128, 21, 'عنوان پست شماره 2 از taha sadeghi', 'محتوای پست شماره 2 از taha sadeghi', '2025-06-01 12:54:07', '2025-06-01 12:54:07'),
(129, 21, 'عنوان پست شماره 3 از taha sadeghi', 'محتوای پست شماره 3 از taha sadeghi', '2025-06-01 12:54:07', '2025-06-01 12:54:07'),
(130, 21, 'عنوان پست شماره 4 از taha sadeghi', 'محتوای پست شماره 4 از taha sadeghi', '2025-06-01 12:54:07', '2025-06-01 12:54:07'),
(131, 21, 'عنوان پست شماره 5 از taha sadeghi', 'محتوای پست شماره 5 از taha sadeghi', '2025-06-01 12:54:07', '2025-06-01 12:54:07'),
(132, 21, 'عنوان پست شماره 6 از taha sadeghi', 'محتوای پست شماره 6 از taha sadeghi', '2025-06-01 12:54:07', '2025-06-01 12:54:07'),
(133, 22, 'عنوان پست شماره 1 از Parmida Mehrnikoo', 'محتوای پست شماره 1 از Parmida Mehrnikoo', '2025-06-01 12:54:07', '2025-06-01 12:54:07'),
(134, 22, 'عنوان پست شماره 2 از Parmida Mehrnikoo', 'محتوای پست شماره 2 از Parmida Mehrnikoo', '2025-06-01 12:54:07', '2025-06-01 12:54:07'),
(135, 22, 'عنوان پست شماره 3 از Parmida Mehrnikoo', 'محتوای پست شماره 3 از Parmida Mehrnikoo', '2025-06-01 12:54:07', '2025-06-01 12:54:07'),
(136, 22, 'عنوان پست شماره 4 از Parmida Mehrnikoo', 'محتوای پست شماره 4 از Parmida Mehrnikoo', '2025-06-01 12:54:07', '2025-06-01 12:54:07'),
(137, 22, 'عنوان پست شماره 5 از Parmida Mehrnikoo', 'محتوای پست شماره 5 از Parmida Mehrnikoo', '2025-06-01 12:54:07', '2025-06-01 12:54:07'),
(138, 22, 'عنوان پست شماره 6 از Parmida Mehrnikoo', 'محتوای پست شماره 6 از Parmida Mehrnikoo', '2025-06-01 12:54:07', '2025-06-01 12:54:07'),
(139, 23, 'عنوان پست شماره 1 از Mahdieh panjei', 'محتوای پست شماره 1 از Mahdieh panjei', '2025-06-01 12:54:07', '2025-06-01 12:54:07'),
(140, 23, 'عنوان پست شماره 2 از Mahdieh panjei', 'محتوای پست شماره 2 از Mahdieh panjei', '2025-06-01 12:54:07', '2025-06-01 12:54:07'),
(141, 23, 'عنوان پست شماره 3 از Mahdieh panjei', 'محتوای پست شماره 3 از Mahdieh panjei', '2025-06-01 12:54:07', '2025-06-01 12:54:07'),
(142, 23, 'عنوان پست شماره 4 از Mahdieh panjei', 'محتوای پست شماره 4 از Mahdieh panjei', '2025-06-01 12:54:07', '2025-06-01 12:54:07'),
(143, 23, 'عنوان پست شماره 5 از Mahdieh panjei', 'محتوای پست شماره 5 از Mahdieh panjei', '2025-06-01 12:54:07', '2025-06-01 12:54:07'),
(144, 23, 'عنوان پست شماره 6 از Mahdieh panjei', 'محتوای پست شماره 6 از Mahdieh panjei', '2025-06-01 12:54:07', '2025-06-01 12:54:07'),
(145, 23, 'عنوان پست شماره 7 از Mahdieh panjei', 'محتوای پست شماره 7 از Mahdieh panjei', '2025-06-01 12:54:07', '2025-06-01 12:54:07');

-- --------------------------------------------------------

--
-- Table structure for table `post_views`
--

CREATE TABLE `post_views` (
  `id` int(11) NOT NULL,
  `post_id` int(11) NOT NULL,
  `views` int(11) DEFAULT 0
) ENGINE=InnoDB DEFAULT CHARSET=utf8mb4 COLLATE=utf8mb4_general_ci;

--
-- Dumping data for table `post_views`
--

INSERT INTO `post_views` (`id`, `post_id`, `views`) VALUES
(1, 1, 746),
(2, 2, 438),
(3, 3, 135),
(4, 4, 187),
(5, 5, 888),
(6, 6, 386),
(7, 7, 380),
(8, 8, 922),
(9, 9, 556),
(10, 10, 182),
(11, 11, 466),
(12, 12, 124),
(13, 13, 982),
(14, 14, 400),
(15, 15, 374),
(16, 16, 269),
(17, 17, 316),
(18, 18, 436),
(19, 19, 841),
(20, 20, 860),
(21, 21, 906),
(22, 22, 742),
(23, 23, 846),
(24, 24, 334),
(25, 25, 530),
(26, 26, 929),
(27, 27, 214),
(28, 28, 635),
(29, 29, 611),
(30, 30, 576),
(31, 31, 151),
(32, 32, 395),
(33, 33, 662),
(34, 34, 442),
(35, 35, 789),
(36, 36, 216),
(37, 37, 693),
(38, 38, 596),
(39, 39, 766),
(40, 40, 639),
(41, 41, 716),
(42, 42, 919),
(43, 43, 742),
(44, 44, 679),
(45, 45, 438),
(46, 46, 553),
(47, 47, 888),
(48, 48, 842),
(49, 49, 527),
(50, 50, 725),
(51, 51, 468),
(52, 52, 636),
(53, 53, 240),
(54, 54, 530),
(55, 55, 149),
(56, 56, 463),
(57, 57, 534),
(58, 58, 378),
(59, 59, 460),
(60, 60, 992),
(61, 61, 246),
(62, 62, 502),
(63, 63, 314),
(64, 64, 258),
(65, 65, 842),
(66, 66, 326),
(67, 67, 497),
(68, 68, 717),
(69, 69, 152),
(70, 70, 770),
(71, 71, 341),
(72, 72, 219),
(73, 73, 547),
(74, 74, 706),
(75, 75, 406),
(76, 76, 523),
(77, 77, 600),
(78, 78, 811),
(79, 79, 443),
(80, 80, 181),
(81, 81, 252),
(82, 82, 144),
(83, 83, 209),
(84, 84, 671),
(85, 85, 901),
(86, 86, 312),
(87, 87, 294),
(88, 88, 982),
(89, 89, 545),
(90, 90, 924),
(91, 91, 536),
(92, 92, 738),
(93, 93, 546),
(94, 94, 464),
(95, 95, 949),
(96, 96, 862),
(97, 97, 398),
(98, 98, 305),
(99, 99, 200),
(100, 100, 343),
(101, 101, 325),
(102, 102, 463),
(103, 103, 507),
(104, 104, 194),
(105, 105, 654),
(106, 106, 132),
(107, 107, 934),
(108, 108, 354),
(109, 109, 687),
(110, 110, 107),
(111, 111, 547),
(112, 112, 209),
(113, 113, 423),
(114, 114, 537),
(115, 115, 905),
(116, 116, 454),
(117, 117, 852),
(118, 118, 588),
(119, 119, 840),
(120, 120, 776),
(121, 121, 324),
(122, 122, 759),
(123, 123, 470),
(124, 124, 807),
(125, 125, 388),
(126, 126, 407),
(127, 127, 553),
(128, 128, 470),
(129, 129, 349),
(130, 130, 461),
(131, 131, 619),
(132, 132, 834),
(133, 133, 691),
(134, 134, 297),
(135, 135, 108),
(136, 136, 815),
(137, 137, 571),
(138, 138, 993),
(139, 139, 510),
(140, 140, 584),
(141, 141, 114),
(142, 142, 330),
(143, 143, 183),
(144, 144, 350),
(145, 145, 953);

-- --------------------------------------------------------

--
-- Table structure for table `related_post`
--

CREATE TABLE `related_post` (
  `id` int(11) NOT NULL,
  `post_1_id` int(11) NOT NULL,
  `post_2_id` int(11) NOT NULL
) ENGINE=InnoDB DEFAULT CHARSET=utf8mb4 COLLATE=utf8mb4_general_ci;

--
-- Dumping data for table `related_post`
--

INSERT INTO `related_post` (`id`, `post_1_id`, `post_2_id`) VALUES
(1, 1, 7),
(2, 1, 5),
(3, 1, 4),
(4, 2, 7),
(5, 2, 5),
(6, 2, 1),
(7, 3, 4),
(8, 3, 1),
(9, 3, 7),
(10, 4, 6),
(11, 4, 5),
(12, 4, 1),
(13, 5, 4),
(14, 5, 6),
(15, 5, 3),
(16, 6, 4),
(17, 6, 2),
(18, 6, 1),
(19, 7, 4),
(20, 7, 1),
(21, 7, 6),
(22, 8, 12),
(23, 8, 10),
(24, 8, 9),
(25, 9, 11),
(26, 9, 8),
(27, 9, 10),
(28, 10, 8),
(29, 10, 12),
(30, 10, 9),
(31, 11, 9),
(32, 11, 10),
(33, 11, 8),
(34, 12, 10),
(35, 12, 9),
(36, 12, 11),
(37, 13, 19),
(38, 13, 14),
(39, 13, 17),
(40, 14, 17),
(41, 14, 15),
(42, 14, 16),
(43, 15, 19),
(44, 15, 18),
(45, 15, 17),
(46, 16, 15),
(47, 16, 14),
(48, 16, 13),
(49, 17, 19),
(50, 17, 15),
(51, 17, 14),
(52, 18, 19),
(53, 18, 16),
(54, 18, 13),
(55, 19, 15),
(56, 19, 17),
(57, 19, 16),
(58, 20, 22),
(59, 20, 24),
(60, 20, 23),
(61, 21, 24),
(62, 21, 20),
(63, 21, 22),
(64, 22, 21),
(65, 22, 25),
(66, 22, 26),
(67, 23, 20),
(68, 23, 25),
(69, 23, 22),
(70, 24, 21),
(71, 24, 25),
(72, 24, 26),
(73, 25, 24),
(74, 25, 22),
(75, 25, 21),
(76, 26, 20),
(77, 26, 25),
(78, 26, 24),
(79, 27, 32),
(80, 27, 29),
(81, 27, 28),
(82, 28, 32),
(83, 28, 30),
(84, 28, 29),
(85, 29, 31),
(86, 29, 28),
(87, 29, 30),
(88, 30, 31),
(89, 30, 32),
(90, 30, 28),
(91, 31, 30),
(92, 31, 28),
(93, 31, 27),
(94, 32, 30),
(95, 32, 27),
(96, 32, 29),
(97, 33, 34),
(98, 33, 37),
(99, 33, 36),
(100, 34, 33),
(101, 34, 37),
(102, 34, 36),
(103, 35, 37),
(104, 35, 36),
(105, 35, 33),
(106, 36, 33),
(107, 36, 37),
(108, 36, 34),
(109, 37, 33),
(110, 37, 35),
(111, 37, 34),
(112, 38, 40),
(113, 38, 44),
(114, 38, 43),
(115, 39, 44),
(116, 39, 43),
(117, 39, 41),
(118, 40, 38),
(119, 40, 42),
(120, 40, 39),
(121, 41, 42),
(122, 41, 39),
(123, 41, 44),
(124, 42, 41),
(125, 42, 38),
(126, 42, 39),
(127, 43, 40),
(128, 43, 39),
(129, 43, 44),
(130, 44, 41),
(131, 44, 43),
(132, 44, 38),
(133, 45, 48),
(134, 45, 47),
(135, 45, 46),
(136, 46, 47),
(137, 46, 45),
(138, 46, 48),
(139, 47, 46),
(140, 47, 48),
(141, 47, 49),
(142, 48, 47),
(143, 48, 46),
(144, 48, 45),
(145, 49, 47),
(146, 49, 45),
(147, 49, 46),
(148, 50, 55),
(149, 50, 53),
(150, 50, 52),
(151, 51, 54),
(152, 51, 55),
(153, 51, 50),
(154, 52, 55),
(155, 52, 51),
(156, 52, 50),
(157, 53, 54),
(158, 53, 51),
(159, 53, 52),
(160, 54, 53),
(161, 54, 56),
(162, 54, 51),
(163, 55, 54),
(164, 55, 53),
(165, 55, 56),
(166, 56, 55),
(167, 56, 52),
(168, 56, 53),
(169, 57, 60),
(170, 57, 62),
(171, 57, 63),
(172, 58, 62),
(173, 58, 57),
(174, 58, 60),
(175, 59, 63),
(176, 59, 58),
(177, 59, 61),
(178, 60, 62),
(179, 60, 57),
(180, 60, 61),
(181, 61, 58),
(182, 61, 59),
(183, 61, 62),
(184, 62, 63),
(185, 62, 61),
(186, 62, 57),
(187, 63, 57),
(188, 63, 61),
(189, 63, 62),
(190, 64, 70),
(191, 64, 68),
(192, 64, 65),
(193, 65, 68),
(194, 65, 66),
(195, 65, 69),
(196, 66, 67),
(197, 66, 65),
(198, 66, 70),
(199, 67, 70),
(200, 67, 64),
(201, 67, 66),
(202, 68, 70),
(203, 68, 66),
(204, 68, 64),
(205, 69, 67),
(206, 69, 64),
(207, 69, 68),
(208, 70, 68),
(209, 70, 64),
(210, 70, 69),
(211, 71, 73),
(212, 71, 74),
(213, 71, 77),
(214, 72, 73),
(215, 72, 71),
(216, 72, 76),
(217, 73, 74),
(218, 73, 71),
(219, 73, 77),
(220, 74, 72),
(221, 74, 71),
(222, 74, 76),
(223, 75, 73),
(224, 75, 74),
(225, 75, 76),
(226, 76, 75),
(227, 76, 77),
(228, 76, 71),
(229, 77, 75),
(230, 77, 72),
(231, 77, 73),
(232, 78, 80),
(233, 78, 82),
(234, 78, 79),
(235, 79, 80),
(236, 79, 82),
(237, 79, 81),
(238, 80, 82),
(239, 80, 81),
(240, 80, 79),
(241, 81, 78),
(242, 81, 82),
(243, 81, 80),
(244, 82, 81),
(245, 82, 79),
(246, 82, 80),
(247, 83, 84),
(248, 83, 87),
(249, 83, 85),
(250, 84, 83),
(251, 84, 85),
(252, 84, 87),
(253, 85, 83),
(254, 85, 87),
(255, 85, 86),
(256, 86, 85),
(257, 86, 84),
(258, 86, 87),
(259, 87, 86),
(260, 87, 84),
(261, 87, 85),
(262, 88, 90),
(263, 88, 92),
(264, 88, 91),
(265, 89, 90),
(266, 89, 93),
(267, 89, 92),
(268, 90, 88),
(269, 90, 91),
(270, 90, 92),
(271, 91, 92),
(272, 91, 90),
(273, 91, 89),
(274, 92, 88),
(275, 92, 91),
(276, 92, 93),
(277, 93, 88),
(278, 93, 92),
(279, 93, 89),
(280, 94, 97),
(281, 94, 99),
(282, 94, 96),
(283, 95, 100),
(284, 95, 96),
(285, 95, 97),
(286, 96, 100),
(287, 96, 99),
(288, 96, 94),
(289, 97, 95),
(290, 97, 96),
(291, 97, 100),
(292, 98, 100),
(293, 98, 96),
(294, 98, 99),
(295, 99, 94),
(296, 99, 96),
(297, 99, 95),
(298, 100, 98),
(299, 100, 99),
(300, 100, 96),
(301, 101, 102),
(302, 101, 107),
(303, 101, 106),
(304, 102, 106),
(305, 102, 107),
(306, 102, 105),
(307, 103, 107),
(308, 103, 106),
(309, 103, 101),
(310, 104, 107),
(311, 104, 105),
(312, 104, 102),
(313, 105, 107),
(314, 105, 104),
(315, 105, 102),
(316, 106, 105),
(317, 106, 103),
(318, 106, 104),
(319, 107, 105),
(320, 107, 104),
(321, 107, 106),
(322, 108, 111),
(323, 108, 109),
(324, 108, 112),
(325, 109, 110),
(326, 109, 111),
(327, 109, 108),
(328, 110, 108),
(329, 110, 113),
(330, 110, 112),
(331, 111, 113),
(332, 111, 110),
(333, 111, 109),
(334, 112, 110),
(335, 112, 113),
(336, 112, 108),
(337, 113, 110),
(338, 113, 112),
(339, 113, 109),
(340, 114, 117),
(341, 114, 120),
(342, 114, 115),
(343, 115, 120),
(344, 115, 114),
(345, 115, 116),
(346, 116, 115),
(347, 116, 119),
(348, 116, 117),
(349, 117, 120),
(350, 117, 119),
(351, 117, 115),
(352, 118, 116),
(353, 118, 117),
(354, 118, 119),
(355, 119, 115),
(356, 119, 120),
(357, 119, 114),
(358, 120, 115),
(359, 120, 119),
(360, 120, 117),
(361, 121, 122),
(362, 121, 124),
(363, 121, 126),
(364, 122, 126),
(365, 122, 124),
(366, 122, 123),
(367, 123, 122),
(368, 123, 124),
(369, 123, 126),
(370, 124, 121),
(371, 124, 126),
(372, 124, 123),
(373, 125, 123),
(374, 125, 121),
(375, 125, 124),
(376, 126, 122),
(377, 126, 124),
(378, 126, 123),
(379, 127, 131),
(380, 127, 130),
(381, 127, 129),
(382, 128, 129),
(383, 128, 132),
(384, 128, 131),
(385, 129, 132),
(386, 129, 131),
(387, 129, 128),
(388, 130, 128),
(389, 130, 127),
(390, 130, 131),
(391, 131, 130),
(392, 131, 132),
(393, 131, 127),
(394, 132, 129),
(395, 132, 127),
(396, 132, 128),
(397, 133, 138),
(398, 133, 137),
(399, 133, 136),
(400, 134, 138),
(401, 134, 137),
(402, 134, 136),
(403, 135, 134),
(404, 135, 138),
(405, 135, 137),
(406, 136, 133),
(407, 136, 135),
(408, 136, 137),
(409, 137, 138),
(410, 137, 134),
(411, 137, 136),
(412, 138, 136),
(413, 138, 134),
(414, 138, 137),
(415, 139, 142),
(416, 139, 140),
(417, 139, 143),
(418, 140, 144),
(419, 140, 141),
(420, 140, 143),
(421, 141, 145),
(422, 141, 142),
(423, 141, 139),
(424, 142, 144),
(425, 142, 143),
(426, 142, 141),
(427, 143, 144),
(428, 143, 139),
(429, 143, 140),
(430, 144, 145),
(431, 144, 139),
(432, 144, 141),
(433, 145, 140),
(434, 145, 141),
(435, 145, 142);

-- --------------------------------------------------------

--
-- Table structure for table `related_posts`
--

CREATE TABLE `related_posts` (
  `id` int(11) NOT NULL,
  `post_id` int(11) NOT NULL,
  `related_post_id` int(11) NOT NULL
) ENGINE=InnoDB DEFAULT CHARSET=utf8mb4 COLLATE=utf8mb4_general_ci;

-- --------------------------------------------------------

--
-- Table structure for table `users`
--

CREATE TABLE `users` (
  `id` int(11) NOT NULL,
  `name` varchar(255) NOT NULL,
  `email` varchar(255) NOT NULL,
  `password` varchar(255) NOT NULL,
  `created_at` datetime DEFAULT current_timestamp(),
  `updated_at` datetime DEFAULT current_timestamp() ON UPDATE current_timestamp()
) ENGINE=InnoDB DEFAULT CHARSET=utf8mb4 COLLATE=utf8mb4_general_ci;

--
-- Dumping data for table `users`
--

INSERT INTO `users` (`id`, `name`, `email`, `password`, `created_at`, `updated_at`) VALUES
(1, 'amirhosseinasadi', 'amirhosseinasadi162@gmail.com', '$2y$10$Sm2q5C9BjJLxxGO/R2UJEuMi9X24Wisastl1pG90HNi/8ecd67E36', '2025-06-01 12:54:03', '2025-06-01 12:54:03'),
(2, 'AbbasEsmaili', 'abbas@gmail.com', '$2y$10$UqojriCQw/B6LInLtOyCau.DfgNyPGwRg9YlrySQXHpQz.nw/Zymq', '2025-06-01 12:54:03', '2025-06-01 12:54:03'),
(3, 'ali babakordi', 'alibabakordi82@gmail.com', '$2y$10$Vrny.tb2qm7DsN3cKhxfXuFC80UBDiDLyAlavZjE0YZMnexlAXvZi', '2025-06-01 12:54:04', '2025-06-01 12:54:04'),
(4, 'Fatemeh Binesh', 'fatemehbinesh17@gmail.com', '$2y$10$pDC63n7Nc/oR2PRMez7I7eQ5tnlbuDYJhwtUEgeYzZzxg/1An3xk2', '2025-06-01 12:54:04', '2025-06-01 12:54:04'),
(5, 'Ali Daneshmand', 'daneshmanda8@gmail.com', '$2y$10$VU76Ip8A4/5udwJP7mfHP.ETHEfAbgt62xH34423r6VehbmbBGzpS', '2025-06-01 12:54:04', '2025-06-01 12:54:04'),
(6, 'Mobina Amini', 'mobina.amini.web@gmail.com', '$2y$10$j9CdaFQZQ5Up067Yhna.k.qXaXaysGswRNNVXPuPz26KD/KPJMlp2', '2025-06-01 12:54:04', '2025-06-01 12:54:04'),
(7, 'Mobina Fallah', 'flhmobinaa@gmail.com', '$2y$10$W3b2e8YOlrwiLCB1HF06GOKilRygaJxzNhVOTL/hK20IuVrltdnfS', '2025-06-01 12:54:04', '2025-06-01 12:54:04'),
(8, 'Mobina mahdavi', 'mobina.mahdavi.web@gmail.com', '$2y$10$03xMwUbWwPFHzWGtyWjZbu4uFYJbbEOhJNmNYvETUxkqRtQTdwOMi', '2025-06-01 12:54:05', '2025-06-01 12:54:05'),
(9, 'Matineh Mousavi', 'matineh.mousavi8200@gmail.com', '$2y$10$7tDnFEkVGI8pamdAKjZTtu0p885WpHBA5IMOuIBug0nnHw4HyojY2', '2025-06-01 12:54:05', '2025-06-01 12:54:05'),
(10, 'Mostafa Montazery', 'Mostafamtz@gmail.com', '$2y$10$yFiVnlp1rLGa9kANaG.WKeVG3IdGmmodMzVnWV9NHLzzdoIVW1V1O', '2025-06-01 12:54:05', '2025-06-01 12:54:05'),
(11, 'Danial Isaabadi', 'danial.isaabadi81@gmail.com', '$2y$10$JRdePVvUuJYJz8KajyN.1OsTruqrRYnGNSFET6h.MmBSa1HlMvb1y', '2025-06-01 12:54:05', '2025-06-01 12:54:05'),
(12, 'Amirhosein Tasharrofi', 'amirhosein.tasharrofi@gmail.com', '$2y$10$O1ozKEGh9dd3PARxq3tECeJA2a.DDhJpzpfxw2CK3lHop6F8qm4Ya', '2025-06-01 12:54:05', '2025-06-01 12:54:05'),
(13, 'Masoud Taghipour', 'mtaghipourj@gmail.com', '$2y$10$SMZT/HUjuq0xXJoQzTIPzuCfeidAb4uyNpHBnrolMfyNKO.zNS9zK', '2025-06-01 12:54:05', '2025-06-01 12:54:05'),
(14, 'Fatemeh khajeh', 'fatemeh.khajeh1404@gmail.com', '$2y$10$StOPybkqh0RJK5QGr8RRfO5gcRa.4izJwZnvYfsQ5dnbME3QuqDVm', '2025-06-01 12:54:06', '2025-06-01 12:54:06'),
(15, 'Sara Sarfi', 'sarasarfi79@gmail.com', '$2y$10$oVVRnSBe5ZM8jUqn2NoN6.aPe7jr.eUTizIuMzPtRX7.Jn7Kupe62', '2025-06-01 12:54:06', '2025-06-01 12:54:06'),
(16, 'Sadjad Rezagholizadeh', 'sajjad.rz@gmail.com', '$2y$10$Ve9q8Sjn1F6W2iDgbN/5JeqBhHqXIaoY9HA3SOaz3VtQVREInXVM6', '2025-06-01 12:54:06', '2025-06-01 12:54:06'),
(17, 'Ghazal Rezaei', 'rezaeighazal432@gmail.com', '$2y$10$1cnp2KYkmFPBxZfH/8zCMuJhgHARSf.gbrUvjZkDiOn6/0Wuzp7oa', '2025-06-01 12:54:06', '2025-06-01 12:54:06'),
(18, 'Shakila Shaker', 'shakilashaker80@gmail.com', '$2y$10$9Oc69PuGym8I18/ApNtPp.uw5KwIhqCmnG/yz4rSb1c.RUD/1Lz3C', '2025-06-01 12:54:06', '2025-06-01 12:54:06'),
(19, 'Shahed Shirazi', 'shirazishaheds926@gmail.com', '$2y$10$TW/xoJITvblOPJbtQe5kQ.sFIUGOni/W41ozkIFMZlvwySvHofoG2', '2025-06-01 12:54:06', '2025-06-01 12:54:06'),
(20, 'Aida Sadeghi', 'asv94974@gmail.com', '$2y$10$FOjmkPLTUIVMRIiRW/EBTOfTmltgHOIYf1SfjDE2zNnJsyQJRsRqu', '2025-06-01 12:54:07', '2025-06-01 12:54:07'),
(21, 'taha sadeghi', 'taha18319113@gmail.com', '$2y$10$QzhfMssjLFkJiFYOP3bgMeTmCK4EVnHBIOwmbbcW05RJA3qX8mMz6', '2025-06-01 12:54:07', '2025-06-01 12:54:07'),
(22, 'Parmida Mehrnikoo', 'Mehrnikoo.net@gmail.com', '$2y$10$uUjQDZZBqa07sqvAE1RT0ur1gGlCX0akjQpZPchAl3eonAM8QtReS', '2025-06-01 12:54:07', '2025-06-01 12:54:07'),
(23, 'Mahdieh panjei', 'mahdiehpanjei@gmail.com', '$2y$10$dpqeKBj.ENaBLKeyrup37OFvfaBDYhmp0b6fmFhUjUkX8iz/IfLj2', '2025-06-01 12:54:07', '2025-06-01 12:54:07');

--
-- Indexes for dumped tables
--

--
-- Indexes for table `posts`
--
ALTER TABLE `posts`
  ADD PRIMARY KEY (`id`),
  ADD KEY `user_id` (`user_id`);

--
-- Indexes for table `post_views`
--
ALTER TABLE `post_views`
  ADD PRIMARY KEY (`id`),
  ADD KEY `post_id` (`post_id`);

--
-- Indexes for table `related_post`
--
ALTER TABLE `related_post`
  ADD PRIMARY KEY (`id`),
  ADD KEY `post_1_id` (`post_1_id`),
  ADD KEY `post_2_id` (`post_2_id`);

--
-- Indexes for table `related_posts`
--
ALTER TABLE `related_posts`
  ADD PRIMARY KEY (`id`),
  ADD UNIQUE KEY `unique_relation` (`post_id`,`related_post_id`),
  ADD KEY `related_post_id` (`related_post_id`);

--
-- Indexes for table `users`
--
ALTER TABLE `users`
  ADD PRIMARY KEY (`id`),
  ADD UNIQUE KEY `email` (`email`);

--
-- AUTO_INCREMENT for dumped tables
--

--
-- AUTO_INCREMENT for table `posts`
--
ALTER TABLE `posts`
  MODIFY `id` int(11) NOT NULL AUTO_INCREMENT, AUTO_INCREMENT=146;

--
-- AUTO_INCREMENT for table `post_views`
--
ALTER TABLE `post_views`
  MODIFY `id` int(11) NOT NULL AUTO_INCREMENT, AUTO_INCREMENT=146;

--
-- AUTO_INCREMENT for table `related_post`
--
ALTER TABLE `related_post`
  MODIFY `id` int(11) NOT NULL AUTO_INCREMENT, AUTO_INCREMENT=436;

--
-- AUTO_INCREMENT for table `related_posts`
--
ALTER TABLE `related_posts`
  MODIFY `id` int(11) NOT NULL AUTO_INCREMENT;

--
-- AUTO_INCREMENT for table `users`
--
ALTER TABLE `users`
  MODIFY `id` int(11) NOT NULL AUTO_INCREMENT, AUTO_INCREMENT=28;

--
-- Constraints for dumped tables
--

--
-- Constraints for table `posts`
--
ALTER TABLE `posts`
  ADD CONSTRAINT `posts_ibfk_1` FOREIGN KEY (`user_id`) REFERENCES `users` (`id`) ON DELETE CASCADE;

--
-- Constraints for table `post_views`
--
ALTER TABLE `post_views`
  ADD CONSTRAINT `post_views_ibfk_1` FOREIGN KEY (`post_id`) REFERENCES `posts` (`id`) ON DELETE CASCADE;

--
-- Constraints for table `related_post`
--
ALTER TABLE `related_post`
  ADD CONSTRAINT `related_post_ibfk_1` FOREIGN KEY (`post_1_id`) REFERENCES `posts` (`id`) ON DELETE CASCADE,
  ADD CONSTRAINT `related_post_ibfk_2` FOREIGN KEY (`post_2_id`) REFERENCES `posts` (`id`) ON DELETE CASCADE;

--
-- Constraints for table `related_posts`
--
ALTER TABLE `related_posts`
  ADD CONSTRAINT `related_posts_ibfk_1` FOREIGN KEY (`post_id`) REFERENCES `posts` (`id`) ON DELETE CASCADE,
  ADD CONSTRAINT `related_posts_ibfk_2` FOREIGN KEY (`related_post_id`) REFERENCES `posts` (`id`) ON DELETE CASCADE;
COMMIT;

/*!40101 SET CHARACTER_SET_CLIENT=@OLD_CHARACTER_SET_CLIENT */;
/*!40101 SET CHARACTER_SET_RESULTS=@OLD_CHARACTER_SET_RESULTS */;
/*!40101 SET COLLATION_CONNECTION=@OLD_COLLATION_CONNECTION */;
